INSERT INTO LABDATABASE.CLIENTES (CODCLIENTE, NOME) VALUES ('202200001','PAULO HUGO CAVALIERI');
INSERT INTO LABDATABASE.CLIENTES (CODCLIENTE, NOME) VALUES ('202200002','PAULO HENRIQUE SILVA');
INSERT INTO LABDATABASE.CLIENTES (CODCLIENTE, NOME) VALUES ('202200003','HUGO PAULO ROTHECHEDL');
INSERT INTO LABDATABASE.CLIENTES (CODCLIENTE, NOME) VALUES ('202200004','JOAO DA COSTA');
INSERT INTO LABDATABASE.CLIENTES (CODCLIENTE, NOME) VALUES ('202200005','LUCAS SOUZA');
INSERT INTO LABDATABASE.CLIENTES (CODCLIENTE, NOME) VALUES ('202200006','RAFAEL GOMES');
INSERT INTO LABDATABASE.CLIENTES (CODCLIENTE, NOME) VALUES ('202200007','ANA MELLO');


INSERT INTO LABDATABASE.ENDERECOS (CODCLIENTE, CEP, LOGRADOURO, MUNICIPIO, UF, NUMERO, COMPLEMENTO) VALUES ('202200001','29060451', 'RUA JOAQUIM BARBOSA E SILVA', 'SÃO PAULO', 'SP', '1234', 'CASA');
INSERT INTO LABDATABASE.ENDERECOS (CODCLIENTE, CEP, LOGRADOURO, MUNICIPIO, UF, NUMERO, COMPLEMENTO) VALUES ('202200002','34788874', 'AV. MARECHAL DEODORO DA FONTE AZUL', 'DIVINO DE SÃO JOAO', 'SP', '587', 'APTO. 505');
INSERT INTO LABDATABASE.ENDERECOS (CODCLIENTE, CEP, LOGRADOURO, MUNICIPIO, UF, NUMERO, COMPLEMENTO) VALUES ('202200003','34788874','AV. MARECHAL DEODORO DA FONTE AZUL', 'DIVINO DE SÃO JOAO', 'SP', '587', 'APTO. 104');
INSERT INTO LABDATABASE.ENDERECOS (CODCLIENTE, CEP, LOGRADOURO, MUNICIPIO, UF, NUMERO, COMPLEMENTO) VALUES ('202200004','29887452', 'RUA JOAQUIM BARBOSA E SILVA', 'SÃO PAULO', 'SP', '1546', 'CASA');
INSERT INTO LABDATABASE.ENDERECOS (CODCLIENTE, CEP, LOGRADOURO, MUNICIPIO, UF, NUMERO, COMPLEMENTO) VALUES ('202200005','29044778', 'RUA 17 DE SETEMBRO', 'SÃO JOSE DO CALÇADO', 'SP', '159', 'APTO 1201');
INSERT INTO LABDATABASE.ENDERECOS (CODCLIENTE, CEP, LOGRADOURO, MUNICIPIO, UF, NUMERO, COMPLEMENTO) VALUES ('202200006','12545478', 'AV. JOSE DA SILVA COSTA', 'SANTO ANDRÉ', 'SP', '5789', 'APTO 202');
INSERT INTO LABDATABASE.ENDERECOS (CODCLIENTE, CEP, LOGRADOURO, MUNICIPIO, UF, NUMERO, COMPLEMENTO) VALUES ('202200007','12145557', 'RUA FULANIN DE TAL', 'BAIRRO JARDINS', 'SP', '10', 'CASA');


INSERT INTO LABDATABASE.TELEFONES (CODCLIENTE, NUMERO, TIPO_TELEFONE) VALUES ('202200001','11879999999', 'CELULAR');
INSERT INTO LABDATABASE.TELEFONES (CODCLIENTE, NUMERO, TIPO_TELEFONE) VALUES ('202200002','27565677772', 'FIXO');
INSERT INTO LABDATABASE.TELEFONES (CODCLIENTE, NUMERO, TIPO_TELEFONE) VALUES ('202200003','33989877882', 'CELULAR');
INSERT INTO LABDATABASE.TELEFONES (CODCLIENTE, NUMERO, TIPO_TELEFONE) VALUES ('202200004','21568889400', 'FIXO');
INSERT INTO LABDATABASE.TELEFONES (CODCLIENTE, NUMERO, TIPO_TELEFONE) VALUES ('202200005','21787500011', 'FIXO');
INSERT INTO LABDATABASE.TELEFONES (CODCLIENTE, NUMERO, TIPO_TELEFONE) VALUES ('202200006','93554789312', 'FIXO');
INSERT INTO LABDATABASE.TELEFONES (CODCLIENTE, NUMERO, TIPO_TELEFONE) VALUES ('202200007','21225589631', 'CELULAR');


INSERT INTO LABDATABASE.ORDENSSERVICOS (CODCLIENTE, COD_ORDEMSERVICO, DT_ABERTURA, DT_PREV_ATENDIMENTO, DT_EFET_ATENDIMENTO) VALUES ('202200001','06080001', '09/10/22', '11/10/22', '12/10/22');
INSERT INTO LABDATABASE.ORDENSSERVICOS (CODCLIENTE, COD_ORDEMSERVICO, DT_ABERTURA, DT_PREV_ATENDIMENTO, DT_EFET_ATENDIMENTO) VALUES ('202200002','06080002', '10/10/22', '12/10/22', '13/10/22');
INSERT INTO LABDATABASE.ORDENSSERVICOS (CODCLIENTE, COD_ORDEMSERVICO, DT_ABERTURA, DT_PREV_ATENDIMENTO, DT_EFET_ATENDIMENTO) VALUES ('202200003','06080003', '11/10/22', '13/10/22', '14/10/22');
INSERT INTO LABDATABASE.ORDENSSERVICOS (CODCLIENTE, COD_ORDEMSERVICO, DT_ABERTURA, DT_PREV_ATENDIMENTO, DT_EFET_ATENDIMENTO) VALUES ('202200004','06080004', '12/10/22', '14/10/22', '15/10/22');
INSERT INTO LABDATABASE.ORDENSSERVICOS (CODCLIENTE, COD_ORDEMSERVICO, DT_ABERTURA, DT_PREV_ATENDIMENTO, DT_EFET_ATENDIMENTO) VALUES ('202200005','06080005', '13/10/22', '15/10/22', '16/10/22');
INSERT INTO LABDATABASE.ORDENSSERVICOS (CODCLIENTE, COD_ORDEMSERVICO, DT_ABERTURA, DT_PREV_ATENDIMENTO, DT_EFET_ATENDIMENTO) VALUES ('202200006','06080006', '14/10/22', '16/10/22', '17/10/22');
INSERT INTO LABDATABASE.ORDENSSERVICOS (CODCLIENTE, COD_ORDEMSERVICO, DT_ABERTURA, DT_PREV_ATENDIMENTO, DT_EFET_ATENDIMENTO) VALUES ('202200007','06080007', '15/10/22', '17/10/22', '18/10/22');


INSERT INTO LABDATABASE.SERVICOS (CODCLIENTE, COD_ORDEMSERVICO, COD_SERVICO, NOME, CAT, VLR_UNITARIO, TEMPO_EXECUO, GARANTIA) VALUES ('202200001','06080001','2208010001','Reparo de internet','1-internet','R$50','20 minutos','5 meses');
INSERT INTO LABDATABASE.SERVICOS (CODCLIENTE, COD_ORDEMSERVICO, COD_SERVICO, NOME, CAT, VLR_UNITARIO, TEMPO_EXECUO, GARANTIA) VALUES ('202200002','06080002','2208010002','Reparo de linha telefonica','2-telefonia','R$75','15 minutos','5 meses');
INSERT INTO LABDATABASE.SERVICOS (CODCLIENTE, COD_ORDEMSERVICO, COD_SERVICO, NOME, CAT, VLR_UNITARIO, TEMPO_EXECUO, GARANTIA) VALUES ('202200003','06080003','2210090001','Reparo de Cabeamento','3-cabeamento','R$35','17 minutos','7 meses');
INSERT INTO LABDATABASE.SERVICOS (CODCLIENTE, COD_ORDEMSERVICO, COD_SERVICO, NOME, CAT, VLR_UNITARIO, TEMPO_EXECUO, GARANTIA) VALUES ('202200004','06080004','2210080004','Instalação de Telefonia','2-telefonia','R$80','30 minutos','1 ano');
INSERT INTO LABDATABASE.SERVICOS (CODCLIENTE, COD_ORDEMSERVICO, COD_SERVICO, NOME, CAT, VLR_UNITARIO, TEMPO_EXECUO, GARANTIA) VALUES ('202200005','06080005','2210050001','Reparo de linha telefonica','2-telefonia','R$75','15 minutos','5 meses');
INSERT INTO LABDATABASE.SERVICOS (CODCLIENTE, COD_ORDEMSERVICO, COD_SERVICO, NOME, CAT, VLR_UNITARIO, TEMPO_EXECUO, GARANTIA) VALUES ('202200006','06080006','2210060006','Reparo de internet','1-internet','R$50','20 minutos','5 meses');
INSERT INTO LABDATABASE.SERVICOS (CODCLIENTE, COD_ORDEMSERVICO, COD_SERVICO, NOME, CAT, VLR_UNITARIO, TEMPO_EXECUO, GARANTIA) VALUES ('202200007','06080007','2209230001','Instalação de internet','1-internet','R$85','35 minutos','1 ano');



COMMIT;